{"cameraMode":{"drawMode":0,"name":"Shaded","section":"Shading Mode"},"sceneLighting":true,"audioPlay":false,"sceneViewState":{"showFog":true,"showMaterialUpdate":false,"showSkybox":true,"showFlares":true,"showImageEffects":true,"showParticleSystems":true},"in2DMode":false,"pivot":{"x":4.780555725097656,"y":-0.6665753126144409,"z":0.23386693000793458},"rotation":{"x":0.34997114539146426,"y":-0.6103549003601074,"z":0.6222177147865295,"w":0.34336090087890627},"size":17.183765411376954,"orthographic":false}